from,to
@/components/polls/*,@/features/polls/*
@/components/CreatePoll,@/features/polls/components/CreatePollForm
@/features/polls/components/EnhancedVoteForm,@/features/voting/components/VotingInterface
@/components/voting/*,@/features/voting/*
@/lib/supabase/server,@/utils/supabase/server
@/shared/core/database/lib/server,@/utils/supabase/server
@/shared/lib/server,@/utils/supabase/server
@/shared/core/database/lib/supabase-server,@/utils/supabase/server
@/lib/supabase-ssr-safe,@/utils/supabase/server
@/utils/supabase/client-dynamic,@/utils/supabase/client
@/utils/supabase/client-minimal,@/utils/supabase/client
@/shared/core/database/lib/client,@/utils/supabase/client
@/components/auth/AuthProvider,@/contexts/AuthContext
@/hooks/AuthProvider,@/contexts/AuthContext
@/hooks/useSupabaseAuth,@/contexts/AuthContext
@/lib/core/auth/auth,@/lib/core/auth/middleware
@/components/Dashboard,@/components/AnalyticsDashboard
@/components/EnhancedDashboard,@/components/AnalyticsDashboard
@/features/webauthn/lib/webauthn,@/lib/webauthn/client
@/lib/shared/webauthn,@/lib/webauthn/client
@/src/components/WebAuthnAuth,@/lib/webauthn/client
@/features/civics/sources/propublica,@/features/civics/ingest/connectors/propublica
